split,model_name,feature_set,regime,threshold,transaction_cost,strategy_n_days,strategy_cumulative_return,strategy_annualized_return,strategy_annualized_volatility,strategy_sharpe,strategy_max_drawdown,strategy_avg_daily_return,buy_hold_n_days,buy_hold_cumulative_return,buy_hold_annualized_return,buy_hold_annualized_volatility,buy_hold_sharpe,buy_hold_max_drawdown,buy_hold_avg_daily_return,exposure,trades,win_rate_when_in_market
oos_expanding,Logit,all,2008-2009 financial crisis,0.5,0.0001,90,0.39003948997124227,1.5146409728135173,0.47700302607025596,2.1718946096559995,-0.21138528502176634,0.004111112305998369,90,0.2535377488556789,0.8827157986382932,0.49216453310836744,1.5300902571574737,-0.25633979312543287,0.0029883180834427378,0.9444444444444444,11,0.611764705882353
oos_expanding,Logit,all,2020 COVID shock,0.5,0.0001,249,0.13580346050711722,0.1375473708035031,0.346797821703824,0.546050263974697,-0.33924959024260526,0.0007514644527270753,249,0.13591785993830996,0.13766332637634981,0.34679551824024174,0.546345719425489,-0.33924959024260537,0.0007518660591527784,1.0,1,0.5662650602409639
oos_expanding,Logit,all,2022-2023 rate-hike cycle,0.5,0.0001,495,-0.011300720058777691,-0.0057691421129395515,0.19509160409682502,0.06776748618223345,-0.25378113043804384,5.246376025754503e-05,495,-0.011201777940844981,-0.005718491011084126,0.19509141264713542,0.06802850261695159,-0.2537811304380434,5.266578045956521e-05,1.0,1,0.4868686868686869
oos_expanding,Logit,all,Other,0.5,0.0001,2566,2.334716217214435,0.12555886898340107,0.1472904833401807,0.8770043690614855,-0.19778213767806796,0.0005125968151210967,2566,3.0194450436043576,0.1463930302502916,0.15342711753280835,0.9675301928977839,-0.19778213767806785,0.0005890689231042421,0.9664848012470771,63,0.5495967741935484
oos_expanding,XGB,all,2008-2009 financial crisis,0.5,0.0001,90,0.3666081166345869,1.397746071911326,0.40352590205740835,2.368608250183914,-0.1985449786772645,0.003792836431651124,90,0.2535377488556789,0.8827157986382932,0.49216453310836744,1.5300902571574737,-0.25633979312543287,0.0029883180834427378,0.6,41,0.6481481481481481
oos_expanding,XGB,all,2020 COVID shock,0.5,0.0001,249,0.13580346050711722,0.1375473708035031,0.346797821703824,0.546050263974697,-0.33924959024260526,0.0007514644527270753,249,0.13591785993830996,0.13766332637634981,0.34679551824024174,0.546345719425489,-0.33924959024260537,0.0007518660591527784,1.0,1,0.5662650602409639
oos_expanding,XGB,all,2022-2023 rate-hike cycle,0.5,0.0001,495,-0.011300720058777691,-0.0057691421129395515,0.19509160409682502,0.06776748618223345,-0.25378113043804384,5.246376025754503e-05,495,-0.011201777940844981,-0.005718491011084126,0.19509141264713542,0.06802850261695159,-0.2537811304380434,5.266578045956521e-05,1.0,1,0.4868686868686869
oos_expanding,XGB,all,Other,0.5,0.0001,2566,2.9813406458462706,0.14532114065469415,0.14159661483039848,1.0294052839966246,-0.1977821376780674,0.0005784139027874881,2566,3.0194450436043576,0.1463930302502916,0.15342711753280835,0.9675301928977839,-0.19778213767806785,0.0005890689231042421,0.9501169134840218,133,0.5525020508613617
test,Logit,all,2022-2023 rate-hike cycle,0.54,0.0001,495,-0.009515241890316939,-0.004855490700758636,0.19476970422641326,0.07227340283062426,-0.25243354424320386,5.585979878078217e-05,495,-0.011201777940844981,-0.005718491011084126,0.19509141264713542,0.06802850261695159,-0.2537811304380434,5.266578045956521e-05,0.9939393939393939,7,0.48577235772357724
test,Logit,all,Other,0.54,0.0001,42,0.08172394090287294,0.602133310840707,0.11410484540765062,4.19016957136812,-0.01669666573997597,0.001897296234812702,42,0.08183299844185976,0.6031027010183538,0.11405115666100236,4.197402860154332,-0.01669666573997608,0.001899677187193655,1.0,1,0.5952380952380952
test,Logit,dict,2022-2023 rate-hike cycle,0.53,0.0001,495,-0.03511628472149764,-0.018034224018543266,0.1943088729686158,0.003385850611085765,-0.27175588181204124,2.6107175249213252e-06,495,-0.011201777940844981,-0.005718491011084126,0.19509141264713542,0.06802850261695159,-0.2537811304380434,5.266578045956521e-05,0.997979797979798,3,0.48582995951417
test,Logit,dict,Other,0.53,0.0001,42,0.08172394090287294,0.602133310840707,0.11410484540765062,4.19016957136812,-0.01669666573997597,0.001897296234812702,42,0.08183299844185976,0.6031027010183538,0.11405115666100236,4.197402860154332,-0.01669666573997608,0.001899677187193655,1.0,1,0.5952380952380952
test,Logit,finbert,2022-2023 rate-hike cycle,0.55,0.0001,495,0.1376318942127508,0.06784934729525993,0.15955092824365588,0.49104003267153096,-0.15195916733389325,0.0003108964008632455,495,-0.011201777940844981,-0.005718491011084126,0.19509141264713542,0.06802850261695159,-0.2537811304380434,5.266578045956521e-05,0.6666666666666666,119,0.4909090909090909
test,Logit,finbert,Other,0.55,0.0001,42,-0.005735123066163084,-0.03392112040918671,0.03663334453387407,-0.9240686203883796,-0.008610146239801164,-0.0001343322386651952,42,0.08183299844185976,0.6031027010183538,0.11405115666100236,4.197402860154332,-0.01669666573997608,0.001899677187193655,0.42857142857142855,16,0.5555555555555556
test,Logit,general,2022-2023 rate-hike cycle,0.52,0.0001,495,-0.011300720058777691,-0.0057691421129395515,0.19509160409682502,0.06776748618223345,-0.25378113043804384,5.246376025754503e-05,495,-0.011201777940844981,-0.005718491011084126,0.19509141264713542,0.06802850261695159,-0.2537811304380434,5.266578045956521e-05,1.0,1,0.4868686868686869
test,Logit,general,Other,0.52,0.0001,42,0.08172394090287294,0.602133310840707,0.11410484540765062,4.19016957136812,-0.01669666573997597,0.001897296234812702,42,0.08183299844185976,0.6031027010183538,0.11405115666100236,4.197402860154332,-0.01669666573997608,0.001899677187193655,1.0,1,0.5952380952380952
test,Logit,vader,2022-2023 rate-hike cycle,0.57,0.0001,495,0.07837428807068947,0.039160587855058715,0.043047206622094804,0.9132619668140852,-0.01536369269298754,0.00015600546264105797,495,-0.011201777940844981,-0.005718491011084126,0.19509141264713542,0.06802850261695159,-0.2537811304380434,5.266578045956521e-05,0.020202020202020204,20,0.8
test,Logit,vader,Other,0.57,0.0001,42,-0.007905059523237945,-0.04650282899649927,0.020933224910435498,-2.2643149671268157,-0.001777566928998886,-0.0001880929145830595,42,0.08183299844185976,0.6031027010183538,0.11405115666100236,4.197402860154332,-0.01669666573997608,0.001899677187193655,0.07142857142857142,6,0.3333333333333333
test,XGB,all,2022-2023 rate-hike cycle,0.5,0.0001,495,-0.011300720058777691,-0.0057691421129395515,0.19509160409682502,0.06776748618223345,-0.25378113043804384,5.246376025754503e-05,495,-0.011201777940844981,-0.005718491011084126,0.19509141264713542,0.06802850261695159,-0.2537811304380434,5.266578045956521e-05,1.0,1,0.4868686868686869
test,XGB,all,Other,0.5,0.0001,42,0.08172394090287294,0.602133310840707,0.11410484540765062,4.19016957136812,-0.01669666573997597,0.001897296234812702,42,0.08183299844185976,0.6031027010183538,0.11405115666100236,4.197402860154332,-0.01669666573997608,0.001899677187193655,1.0,1,0.5952380952380952
test,XGB,dict,2022-2023 rate-hike cycle,0.55,0.0001,495,-0.07500727416746389,-0.03891604865671716,0.11130879960245942,-0.30089839918910727,-0.13461492232748062,-0.00013290730006365546,495,-0.011201777940844981,-0.005718491011084126,0.19509141264713542,0.06802850261695159,-0.2537811304380434,5.266578045956521e-05,0.296969696969697,193,0.4489795918367347
test,XGB,dict,Other,0.55,0.0001,42,0.03339390239340023,0.21785439517159233,0.07895757438335912,2.5354446649703752,-0.019991515776462965,0.0007944149235289263,42,0.08183299844185976,0.6031027010183538,0.11405115666100236,4.197402860154332,-0.01669666573997608,0.001899677187193655,0.30952380952380953,18,0.6923076923076923
test,XGB,finbert,2022-2023 rate-hike cycle,0.5,0.0001,495,-0.011300720058777691,-0.0057691421129395515,0.19509160409682502,0.06776748618223345,-0.25378113043804384,5.246376025754503e-05,495,-0.011201777940844981,-0.005718491011084126,0.19509141264713542,0.06802850261695159,-0.2537811304380434,5.266578045956521e-05,1.0,1,0.4868686868686869
test,XGB,finbert,Other,0.5,0.0001,42,0.08172394090287294,0.602133310840707,0.11410484540765062,4.19016957136812,-0.01669666573997597,0.001897296234812702,42,0.08183299844185976,0.6031027010183538,0.11405115666100236,4.197402860154332,-0.01669666573997608,0.001899677187193655,1.0,1,0.5952380952380952
test,XGB,general,2022-2023 rate-hike cycle,0.54,0.0001,495,-0.12426675429104972,-0.06532198784449694,0.16691579957514893,-0.3212915691530221,-0.23994662537647315,-0.00021281206016639256,495,-0.011201777940844981,-0.005718491011084126,0.19509141264713542,0.06802850261695159,-0.2537811304380434,5.266578045956521e-05,0.6787878787878788,238,0.45535714285714285
test,XGB,general,Other,0.54,0.0001,42,0.052617756983759145,0.36026696817932424,0.09874751851291756,3.1658408767353037,-0.016794996073401958,0.0012405513118427403,42,0.08183299844185976,0.6031027010183538,0.11405115666100236,4.197402860154332,-0.01669666573997608,0.001899677187193655,0.5952380952380952,26,0.72
test,XGB,vader,2022-2023 rate-hike cycle,0.54,0.0001,495,0.00289883155453019,0.0014747202456082409,0.18145369253730986,0.09873288263581745,-0.22344991334319153,7.109304019492824e-05,495,-0.011201777940844981,-0.005718491011084126,0.19509141264713542,0.06802850261695159,-0.2537811304380434,5.266578045956521e-05,0.896969696969697,85,0.49324324324324326
test,XGB,vader,Other,0.54,0.0001,42,0.0880417717204316,0.6591032489618533,0.11250109394386786,4.559515767341166,-0.01669666573997597,0.002035517903492838,42,0.08183299844185976,0.6031027010183538,0.11405115666100236,4.197402860154332,-0.01669666573997608,0.001899677187193655,0.9761904761904762,3,0.6097560975609756
val,Logit,all,2020 COVID shock,0.54,0.0001,249,0.24150548683841522,0.24474547058001495,0.33578165065602106,0.8207631177075873,-0.2992861714597279,0.0010936396605612528,249,0.13591785993830996,0.13766332637634981,0.34679551824024174,0.546345719425489,-0.33924959024260537,0.0007518660591527784,0.9477911646586346,25,0.5720338983050848
val,Logit,all,Other,0.54,0.0001,250,0.31169439474769667,0.3145445954705035,0.12748320551895284,2.2100058565090217,-0.0506172708030419,0.001118010439696147,250,0.2961398673206126,0.29883231102745444,0.1306346821987418,2.0676577617615566,-0.05212532648585422,0.0010718564071566775,0.928,33,0.5775862068965517
val,Logit,dict,2020 COVID shock,0.53,0.0001,249,0.09115354275244258,0.09230097999722586,0.3453066486591726,0.4293270975332297,-0.33924959024260526,0.0005882916715387669,249,0.13591785993830996,0.13766332637634981,0.34679551824024174,0.546345719425489,-0.33924959024260537,0.0007518660591527784,0.9879518072289156,7,0.5650406504065041
val,Logit,dict,Other,0.53,0.0001,250,0.31337630444744735,0.3162436530429009,0.12980264010592416,2.182775064591007,-0.05212532648585433,0.0011243252624654435,250,0.2961398673206126,0.29883231102745444,0.1306346821987418,2.0676577617615566,-0.05212532648585422,0.0010718564071566775,0.996,3,0.5742971887550201
val,Logit,finbert,2020 COVID shock,0.55,0.0001,249,0.09017887982246209,0.09131354216886178,0.2815897107244716,0.4516285441862044,-0.22658675371723724,0.0005046585361599505,249,0.13591785993830996,0.13766332637634981,0.34679551824024174,0.546345719425489,-0.33924959024260537,0.0007518660591527784,0.1927710843373494,44,0.5833333333333334
val,Logit,finbert,Other,0.55,0.0001,250,0.05553105653790369,0.05598751626611742,0.0540088346793234,1.0356190041048599,-0.06405414898458706,0.00022195466501374967,250,0.2961398673206126,0.29883231102745444,0.1306346821987418,2.0676577617615566,-0.05212532648585422,0.0010718564071566775,0.176,51,0.5681818181818182
val,Logit,general,2020 COVID shock,0.52,0.0001,249,0.14613167866124877,0.14801664606075082,0.3466613899761099,0.5725761534288633,-0.33924959024260526,0.0007876589095826353,249,0.13591785993830996,0.13766332637634981,0.34679551824024174,0.546345719425489,-0.33924959024260537,0.0007518660591527784,0.9959839357429718,3,0.5685483870967742
val,Logit,general,Other,0.52,0.0001,250,0.2968493719594365,0.2995489789018797,0.13061676704654146,2.0721513447218167,-0.05212532648585422,0.0010740385296774094,250,0.2961398673206126,0.29883231102745444,0.1306346821987418,2.0676577617615566,-0.05212532648585422,0.0010718564071566775,0.996,3,0.5742971887550201
val,Logit,vader,2020 COVID shock,0.57,0.0001,249,0.0728778999996671,0.07378757742641984,0.0336197451721195,2.1344665516069314,-0.007277977628909138,0.00028476278390253054,249,0.13591785993830996,0.13766332637634981,0.34679551824024174,0.546345719425489,-0.33924959024260537,0.0007518660591527784,0.028112449799196786,14,0.8571428571428571
val,Logit,vader,Other,0.57,0.0001,250,-0.012985917171808858,-0.01308912163804865,0.011992045207197951,-1.0926416239985364,-0.012985917171808858,-5.1996062501018394e-05,250,0.2961398673206126,0.29883231102745444,0.1306346821987418,2.0676577617615566,-0.05212532648585422,0.0010718564071566775,0.008,4,0.0
val,XGB,all,2020 COVID shock,0.5,0.0001,249,0.13580346050711722,0.1375473708035031,0.346797821703824,0.546050263974697,-0.33924959024260526,0.0007514644527270753,249,0.13591785993830996,0.13766332637634981,0.34679551824024174,0.546345719425489,-0.33924959024260537,0.0007518660591527784,1.0,1,0.5662650602409639
val,XGB,all,Other,0.5,0.0001,250,0.2960111648740491,0.29870230952330057,0.1306300641237042,2.066959213522173,-0.052125326485853885,0.0010714564071566772,250,0.2961398673206126,0.29883231102745444,0.1306346821987418,2.0676577617615566,-0.05212532648585422,0.0010718564071566775,1.0,1,0.572
val,XGB,dict,2020 COVID shock,0.55,0.0001,249,0.19541611090946787,0.19798966034472731,0.2198690886061042,0.9311601992130215,-0.18745659086725697,0.0008124339061398629,249,0.13591785993830996,0.13766332637634981,0.34679551824024174,0.546345719425489,-0.33924959024260537,0.0007518660591527784,0.39759036144578314,107,0.5858585858585859
val,XGB,dict,Other,0.55,0.0001,250,0.15825848691877553,0.15962063545940208,0.066606408205817,2.2571468024830974,-0.02216502018374844,0.0005965890528041419,250,0.2961398673206126,0.29883231102745444,0.1306346821987418,2.0676577617615566,-0.05212532648585422,0.0010718564071566775,0.38,106,0.5789473684210527
val,XGB,finbert,2020 COVID shock,0.5,0.0001,249,0.13580346050711722,0.1375473708035031,0.346797821703824,0.546050263974697,-0.33924959024260526,0.0007514644527270753,249,0.13591785993830996,0.13766332637634981,0.34679551824024174,0.546345719425489,-0.33924959024260537,0.0007518660591527784,1.0,1,0.5662650602409639
val,XGB,finbert,Other,0.5,0.0001,250,0.2960111648740491,0.29870230952330057,0.1306300641237042,2.066959213522173,-0.052125326485853885,0.0010714564071566772,250,0.2961398673206126,0.29883231102745444,0.1306346821987418,2.0676577617615566,-0.05212532648585422,0.0010718564071566775,1.0,1,0.572
val,XGB,general,2020 COVID shock,0.54,0.0001,249,0.6626758661727425,0.6728920815052097,0.2931471936087331,1.9020474569608616,-0.20734079115232507,0.0022126185480900954,249,0.13591785993830996,0.13766332637634981,0.34679551824024174,0.546345719425489,-0.33924959024260537,0.0007518660591527784,0.8232931726907631,75,0.5951219512195122
val,XGB,general,Other,0.54,0.0001,250,0.2726631392684178,0.2751203397730404,0.11763597879895743,2.1256381836460654,-0.046108762623756294,0.000992267969466837,250,0.2961398673206126,0.29883231102745444,0.1306346821987418,2.0676577617615566,-0.05212532648585422,0.0010718564071566775,0.788,99,0.5736040609137056
val,XGB,vader,2020 COVID shock,0.54,0.0001,249,0.09963440194945816,0.1008934452559096,0.3186891876773766,0.46214349266304994,-0.28600475207227505,0.0005844449772506866,249,0.13591785993830996,0.13766332637634981,0.34679551824024174,0.546345719425489,-0.33924959024260537,0.0007518660591527784,0.8433734939759037,61,0.5714285714285714
val,XGB,vader,Other,0.54,0.0001,250,0.28910385405210826,0.29172543156449215,0.12220741739248116,2.1566017813914886,-0.043901584471333854,0.0010458441827296747,250,0.2961398673206126,0.29883231102745444,0.1306346821987418,2.0676577617615566,-0.05212532648585422,0.0010718564071566775,0.84,57,0.5761904761904761
