Title,Date,CP
"JPMorgan Predicts 2008 Will Be ""Nothing But Net""",2008-01-02,1447.16
Head And Shoulders Top Bodes Ill For Bulls,2008-01-09,1409.13
Marriage - Tracy Collier and John Helvey | Community,2008-01-22,1310.5
Former Connecticut hedge fund exec sues in son's drowning,2008-01-29,1362.3
Super Bowl Ideas That Can Score,2008-01-30,1355.81
New challenges at retooled Janus,2008-02-01,1395.42
Satin PS3 to launch in Japan • The Register,2008-02-05,1336.64
Snap up Crocs trendy 'o-dial' handset holder,2008-03-05,1333.7
Sonic boom: Man uses hedgehog as a weapon,2008-04-07,1372.54
Faith and money - Faith-based mutual funds (1),2008-04-16,1364.71
Louisiana Sportsman,2008-04-22,1375.94
Legg Mason's Miller: ‘By far the worst is behind us’,2008-04-23,1379.93
Rockefellers Push ExxonMobil to Look Beyond Oil,2008-05-05,1407.49
In the game again: Face to Face with Martin Flanagan,2008-05-12,1403.58
"Water, Recession and the Growing Need to Invest",2008-05-12,1403.58
Parker expands AC890 Ethernet communication cards,2008-05-21,1390.71
Kimberly-Clark (KMB) Dividend Analysis,2008-05-23,1375.93
5 Keys to Zipcar's Success,2008-06-05,1404.05
David Swensen,2008-06-24,1314.29
Nike “Air McFlys” Finally Hit Store Shelves,2008-07-02,1261.52
"Commodities Are Strong, But Which Ones Are the Strongest?",2008-07-07,1252.31
Carlyle liquidating Blue-Wave hedge fund,2008-07-31,1267.38
Short biased hedge funds extend winning streak,2008-08-01,1260.31
Strong foundation: Face to face with David Lippman,2008-08-04,1249.01
"Fund king Pallotta to leave Tudor, start firm",2008-08-08,1296.32
Indie RIAs say they're taking clients from brokers,2008-08-19,1266.69
Google Gears beta for Safari,2008-08-28,1300.68
Creative Zen Mozaic MP3 player • The Register,2008-09-09,1224.51
Does age matter when you're CEO?,2008-09-11,1249.05
Why it is time to follow Warren Buffett and buy,2008-09-24,1185.87
"IBM's all-star salesman - Sep. 26, 2008",2008-09-26,1213.27
Korea's Promotion Overseas Mismanaged,2008-10-13,1003.35
The Crash of 2008,2008-10-17,940.55
Get Rid of the Performance Review! - WSJ,2008-10-20,985.4
"Temrowski Family Funeral Home puts family first | Businesses in Fenton, Linden and Holly MI | tctimes.com",2008-10-21,955.05
Take a Pass on Passive Index Investing,2008-10-24,876.77
Millipore Expands NovAseptic® Valve Product Offering With New 3-Inch Diaphragms,2008-11-03,966.3
Opinion | The Campaign Autopsy - The Washington Post,2008-11-07,930.99
"DHL announces 9,500 job cuts - Nov. 10, 2008",2008-11-10,919.21
Business Groups Pushing for Relief From Pension Law,2008-11-11,898.95
"Headlines for November 21, 2008",2008-11-21,800.03
The Capitalism Distribution: Fat Tails in Action,2008-12-02,848.81
"No. 4 Gekko, Gordon",2008-12-18,885.28
What futures contracts are the most popular and who buys them?,2009-01-20,805.22
"In the Words of William Wallace: ""HOLD... HOLD... HOLD""",2009-01-28,874.09
"Gold, Is the Future Still Bright or Fading?",2009-02-18,788.42
Piotroski Profits,2009-02-23,743.33
"Jeremy Siegel, Wrong",2009-02-25,764.9
"Another week, another bailout: U.S. throws more funds at AIG",2009-03-02,700.82
Fourth-quarter profit takes plunge at Publix,2009-03-04,712.87
