failure_type,Date,regime,model_name,feature_set,y_true,y_pred,y_pred_proba,threshold,signal,return_next_day,strategy_return_net,headline_count,vix,daily_text_snippet
classification_error,2022-04-08,2022-2023 rate-hike cycle,XGB,all,0,1,0.580433170000712,0.5,1,-0.0168772892956767,-0.0168772892956767,6,21.16,"1 ETF I'm Stocking Up On If the Market Crashes . Dow gains, S&P 500 ends lower as market weighs Fed rate hikes . S&P 500 & Sectors: ROIC Vs. WACC Through 4Q21: ROIC Rockets Higher To New High . S&P 500 Likely to Report Earnings Growth of More Than 10% for Fifth Straight Quarter ."
classification_error,2022-08-04,2022-2023 rate-hike cycle,XGB,all,0,1,0.5795261263847351,0.5,1,-0.0016257460367924,-0.0016257460367924,9,21.44,FAANG Stocks Sales Are Slipping - RIA . Has the Stock Market Hit Bottom? Experts Share Their Top Investment Ideas . Meta Makes Bond-Market Debut With Four-Part Offering . Nightshare ETFs Trying to Make Investors Money Overnight Stumble . S&P 500 annual returns over the past 25 ye
classification_error,2022-10-11,2022-2023 rate-hike cycle,XGB,all,0,1,0.5762165983517965,0.5,1,-0.0032907569019515,-0.0032907569019515,6,33.63,"9 Companies Wield A Secret Weapon Against Inflation And The Fed . Jamie Dimon's S&P 500 Bear Market: Brutal, Far From Unimaginable . Nasdaq registers lowest close since July 2020; chips stocks fall . S&P 500 closes lower, notches 5-day losing streak ahead of key inflation report "
classification_error,2022-11-01,2022-2023 rate-hike cycle,XGB,all,0,1,0.5752177437146505,0.5,1,-0.0250019449703067,-0.0250019449703067,7,25.81,"A Risky Trading Strategy Is Growing in Popularity in 2022's Wild Market . Delphia Launches Investment Strategy that Aims to Beat the S&P 500 . How The 60/40 Portfolio Stacks Up With The S&P 500 - SPDR S&P 500 (ARCA:SPY) . Stock Market News for Nov 1, 2022 . These 5 Equal-Weight S"
classification_error,2022-11-18,2022-2023 rate-hike cycle,XGB,all,0,1,0.5774951179822286,0.5,1,-0.0038836518432215,-0.0038836518432215,4,23.12,"Bob Pisani: Heeding the investment wisdom of Jack Bogle starts with keeping it simple . How Apple Stock Continues To Impressively Outperform . S&P 500 closes higher on Friday, but ends week with losses . Warren Buffett Makes All His Money From Just 11 Stocks"
classification_error,2023-02-02,2022-2023 rate-hike cycle,XGB,all,0,1,0.5822418133417765,0.5,1,-0.0103546615116658,-0.0103546615116658,17,18.73,"'Big Short' Michael Burry Bets on a Stock Market Crash . Biden's Stock Market Is Nearly Identical to Trump's . Bitcoin, S&P 500 Close In on Bullish 'Golden Cross' Signal . Expect More Stock-Market Gains in 2023 As Bullish Bond Signal Flashes . Just 10 Stocks Drive Half The Year's"
classification_error,2023-03-27,2022-2023 rate-hike cycle,XGB,all,0,1,0.5808121959368387,0.5,1,-0.0015738410521103,-0.0015738410521103,12,20.6,"11 stocks in the S&P 500 expected to form an exclusive growth club for investors . 3 ETFs That Will Reduce Your Banking Sector Exposure . 5 Charts to Understand the Fed's Liquidity Injection and Its Effect on Markets . A break above $2,100 would give gold a fresh upside target of"
classification_error,2023-07-31,2022-2023 rate-hike cycle,XGB,all,0,1,0.5747233231862386,0.5,1,-0.0026650918726683,-0.0026650918726683,19,13.63,"10 Most Oversold S&P 500 Stocks Right Now . Citi hikes S&P 500 price target: This is when it expects it to hit 5000 By Investing.com . Citigroup lifts S&P 500's year-end target to 4600 . Dow Jones, Nasdaq, S&P 500 weekly preview: Citi boosts SPX target . Jeremy Siegel Says Stocks"
classification_error,2023-12-19,2022-2023 rate-hike cycle,XGB,all,0,1,0.5776971181233724,0.5,1,-0.014684263175886,-0.014684263175886,16,12.53,"Dow climbs to fifth straight record close as rate-cut hopes underpin sentiment . Dow closes more than 470 points lower Wednesday to snap 9-day win streak: Live updates . Enphase Energy’s stock surges to pace the S&P 500’s gainers, as job cuts are seen as a good thing . Fund manag"
classification_error,2024-01-29,Other,XGB,all,0,1,0.5762420892715454,0.5,1,-0.0006006578827215,-0.0006006578827215,9,13.6,"Are the “Magnificent 7” the Top Contributors to Earnings for the S&P 500 for Q4? . Dow, S&P 500 close Monday at record highs . Frequently asked questions: Options on S&P 500 Annual Dividend Index futures . S&P 500 Gains and Losses Today: Index Hits Record Ahead of Tech Earnings, "
classification_error,2024-02-09,Other,XGB,all,0,1,0.5820017059644064,0.5,1,-0.000948949689751,-0.000948949689751,34,12.93,"As S&P 500 breaches 5000, its valuation hits lofty levels as well . Digging Into The Big Tech Rally. . Markets News, Feb. 9, 2024: S&P 500 Tops 5K, Nasdaq Approaches 16K Amid Tech Rally . Megacaps rally pushes S&P 500 to first close above 5000 milestone . Outlook on S&P 500: is t"
classification_error,2024-03-01,Other,XGB,all,0,1,0.5775435169537863,0.5,1,-0.0011932849011501,-0.0011932849011501,30,13.11,Analysts Making Smaller Cuts Than Average to EPS Estimates for S&P 500 Companies for Q1 . BofA says this S&P 500 rally could exceed 5400 By Investing.com . Is S&P 500 in a bubble zone? JP Morgan says the indexs rally is at risk . Latest Changes to S&P 500 Rebalancing: Super Micro
false_long_loss,2022-04-28,2022-2023 rate-hike cycle,Logit,all,0,1,0.5486987326379167,0.54,1,-0.0362845481049561,-0.0362845481049561,4,29.99,Barclays Suspends Sales For 30 iPath ETNs . Dow tumbles more than 900 points and the Nasdaq drops 4% on Friday to close out a brutal month . Investors Love These 15 Dirt-Cheap Stocks Paying Big Dividends . This Inverse S&P 500 ETF Is up 15% In the Past Month
false_long_loss,2022-04-28,2022-2023 rate-hike cycle,XGB,all,0,1,0.561243494351705,0.5,1,-0.0362845481049561,-0.0362845481049561,4,29.99,Barclays Suspends Sales For 30 iPath ETNs . Dow tumbles more than 900 points and the Nasdaq drops 4% on Friday to close out a brutal month . Investors Love These 15 Dirt-Cheap Stocks Paying Big Dividends . This Inverse S&P 500 ETF Is up 15% In the Past Month
false_long_loss,2022-05-04,2022-2023 rate-hike cycle,Logit,all,0,1,0.559075259466545,0.54,1,-0.035649753381843,-0.035649753381843,8,25.42,"A full recap of the Fed's rate hike and big market rally . Best Performing Dividend ETFs For April 2022 - ETF Focus on TheStreet: ETF research and Trade Ideas . Dow tumbles 1,000 points for the worst day since 2020, Nasdaq drops 5% . Is the Big Tech crash already over? . Johnson "
false_long_loss,2022-05-04,2022-2023 rate-hike cycle,XGB,all,0,1,0.5559583703676859,0.5,1,-0.035649753381843,-0.035649753381843,8,25.42,"A full recap of the Fed's rate hike and big market rally . Best Performing Dividend ETFs For April 2022 - ETF Focus on TheStreet: ETF research and Trade Ideas . Dow tumbles 1,000 points for the worst day since 2020, Nasdaq drops 5% . Is the Big Tech crash already over? . Johnson "
false_long_loss,2022-05-17,2022-2023 rate-hike cycle,Logit,all,0,1,0.5640582435174709,0.54,1,-0.0403952211502012,-0.0403952211502012,6,26.1,"$300 a Month in These 3 Stocks Could Make You a Millionaire by Retirement . Consumer staples' valuations are extreme, even compared to bonds | Insights . How To Use S&P 500 Futures To Predict Market Movement - NVR (NYSE:NVR) . How does Warren Buffett beat the stock market? . Warr"
false_long_loss,2022-05-17,2022-2023 rate-hike cycle,XGB,all,0,1,0.5555168787638346,0.5,1,-0.0403952211502012,-0.0403952211502012,6,26.1,"$300 a Month in These 3 Stocks Could Make You a Millionaire by Retirement . Consumer staples' valuations are extreme, even compared to bonds | Insights . How To Use S&P 500 Futures To Predict Market Movement - NVR (NYSE:NVR) . How does Warren Buffett beat the stock market? . Warr"
false_long_loss,2022-06-10,2022-2023 rate-hike cycle,Logit,all,0,1,0.5630741091685616,0.54,1,-0.0387683741533918,-0.0387683741533918,9,27.75,"ESG metrics making their way into more S&P 500 firms' incentive plans . Highest Number of S&P 500 Companies Citing “Inflation” on Q1 Earnings Calls in Over 10 Years . Stock Market News for Jun 10, 2022 . Stock market's post-CPI slide in keeping with recent history . The US funds "
false_long_loss,2022-06-10,2022-2023 rate-hike cycle,XGB,all,0,1,0.5511091550191244,0.5,1,-0.0387683741533918,-0.0387683741533918,9,27.75,"ESG metrics making their way into more S&P 500 firms' incentive plans . Highest Number of S&P 500 Companies Citing “Inflation” on Q1 Earnings Calls in Over 10 Years . Stock Market News for Jun 10, 2022 . Stock market's post-CPI slide in keeping with recent history . The US funds "
false_long_loss,2022-08-25,2022-2023 rate-hike cycle,Logit,all,0,1,0.5593187574094238,0.54,1,-0.033688010821315,-0.033688010821315,3,21.78,"How Has the Dividend Aristocrat Index Performed Relative to the S&P 500 Index? . S&P 500, Nasdaq Futures Firm Up Ahead Of Fed Jackson Hole Event, Q2 GDP Data; Tesla In Focus Today . Stock Market News for Aug 25, 2022"
false_long_loss,2022-08-25,2022-2023 rate-hike cycle,XGB,all,0,1,0.5470106601715088,0.5,1,-0.033688010821315,-0.033688010821315,3,21.78,"How Has the Dividend Aristocrat Index Performed Relative to the S&P 500 Index? . S&P 500, Nasdaq Futures Firm Up Ahead Of Fed Jackson Hole Event, Q2 GDP Data; Tesla In Focus Today . Stock Market News for Aug 25, 2022"
false_long_loss,2022-09-12,2022-2023 rate-hike cycle,Logit,all,0,1,0.5548858383395329,0.54,1,-0.043236562775976,-0.043236562775976,11,23.87,'A Dangerous Looking Moment in Global Economics' — Veteran Investor Jeremy Grantham Warns S&P 500 Could ... . 15 Stocks Billionaire Investors Agree It's Smart To Buy Now . 6 Best Stock Market Books to Read in 2022 . A History Lesson: S&P 500 to Gold Ratio - OpenMarkets . CoStar G
false_long_loss,2022-09-12,2022-2023 rate-hike cycle,XGB,all,0,1,0.5521751840909322,0.5,1,-0.043236562775976,-0.043236562775976,11,23.87,'A Dangerous Looking Moment in Global Economics' — Veteran Investor Jeremy Grantham Warns S&P 500 Could ... . 15 Stocks Billionaire Investors Agree It's Smart To Buy Now . 6 Best Stock Market Books to Read in 2022 . A History Lesson: S&P 500 to Gold Ratio - OpenMarkets . CoStar G
missed_rally,2022-01-13,2022-2023 rate-hike cycle,Logit,all,1,0,0.5386840771420554,0.54,0,0.0008199131578892,0.0,6,20.31,"10 of the Oldest Companies in the S&P 500 . Bitcoin Outperformed Crude Oil, S&P 500, NASDAQ, and Gold in 2021 (CoinGecko Report) . Hedge funds still can't match the S&P 500 . Op-ed: These big names propelled the S&P 500 last year. Here’s what’s ahead for 2022 . Profits for S&P 50"
missed_rally,2022-05-24,2022-2023 rate-hike cycle,Logit,all,1,0,0.5397696925453915,0.54,0,0.0094507646873762,0.0,13,29.45,"A ""Lost Decade"" Ahead For Markets? - RIA . After rocky period, U.S. stocks will end year up from current levels: Reuters poll . Coinbase Becomes First Crypto Company to Enter Fortune 500 . Concerns Emerge Even as Dividends Rise . ETF industry at loggerheads following Tesla ejecti"
